1|Anonym|0.94535|43
2|ANMOL GARG|0.94355|6
3|Nicolas Krusche|0.93849|60
4|Santiago Maniches|0.93762|161
5|Mateo Allmer|0.93661|68
6|Koushik Rudra|0.93541|150
7|Sameerk|0.93527|45
8|localAI|0.93194|64
9|InSociEUP|0.93149|30
10|Yeashu Semwal|0.92956|84
11|goodpjw2008|0.92942|28
12|rupsa roy|0.92875|13
13|Kilian Zimmermann|0.92875|28
14|Akhyar Ahmad|0.92875|48
15|Mathieu W|0.92875|13
16|Gaurav Vyas|0.92791|22
17|Sachin Sachdeva|0.92735|18
18|Đức Hải Hà|0.92725|39
19|Hanh Tran|0.92718|39
20|Alex Li|0.92690|15
21|John Moncel|0.92673|67
22|cracker_1_war|0.92573|8
23|GALABA VAMSI|0.92572|3
24|Pratham2410|0.92564|38
25|Free Chicken|0.92554|32
26|Mawra Musawar|0.92528|3
27|Sebastian Salutare|0.92524|26
28|Soheil Kooklan|0.92501|21
29|Jeki Wan Taufik|0.92485|3
30|Pratyush Sahoo|0.92463|1
31|Meet Mendapara|0.92448|9
32|Mankeshwor Chaudhary|0.92425|3
33|Md. Hamid Hosen|0.92341|7
34|RAJVEER KHARADEPATIL|0.92256|8
35|Ali Ibtisam|0.92218|5
36|Berkay Şekeroğlu|0.91509|8
37|Pjchauhan|0.91203|39
38|Juhil Modi-24BCS10310|0.91190|24
39|mohanapavan bezawada|0.91105|9
40|Use Responsible AI|0.90939|28
41|Building A Better World|0.90939|21
42|Reyhan Ksatria|0.90878|5
43|Pratham Surti|0.90835|36
44|Jiwei Liu|0.90770|8
45|Aarav C|0.90770|10
46|Vidit Parashar|0.90770|3
47|Victor Chege|0.90770|2
48|xinerji|0.90770|1
49|really?|0.90759|11
50|EmED_kmutnb|0.90624|1
51|Abhinandan|0.90622|1
52|Aron Bakes|0.90567|22
53|test_target-feature|0.90438|25
54|한밭대학교|0.90427|8
55|ajikajadeh|0.90242|6
56|MS.Sarita jakhar|0.89938|21
57|habakan|0.89429|21
58|Evelyn_Yang_02|0.88865|8
59|thisray|0.88425|6
60|An Dao|0.88126|4
61|Benjamin Beaujard|0.87430|29
62|Rigur-Calypso|0.87173|42
63|vedaant up|0.86740|10
64|Dmitriy Kompaneets|0.86736|6
65|Gustavo Faria|0.86703|6
66|anhnam_xtanh|0.86687|41
67|T Hansda|0.86584|20
68|Vedanam Coders|0.86132|97
69|Gleb Shanshin|0.85796|76
70|md10011|0.85662|8
71|Econias Nigussie|0.85199|17
72|KMET|0.84551|69
73|lockcole|0.84005|4
74|ChinMoroc|0.81282|103
75|Fengwx|0.81060|49
76|nor|0.80898|9
78|Virus_Proton|0.80260|18
79|Dale Zhong|0.79708|58
80|Andrey Chankin|0.78865|14
81|bigsuperplum|0.78824|2
82|Randy|0.78492|18
84|Third_time_is_a_charm|0.77288|192
85|Whatever|0.77190|188
86|Mandavi Singh|0.76943|3
87|ShinePryme|0.76554|21
88|Akil Al-Sharafi|0.76376|4
89|hitori.studio|0.75686|14
90|SHALABI|0.75159|1
91|Le Trong Hieu|0.74616|13
92|Kabeer|0.74464|7
93|sdssJ0|0.74431|10
94|berrylyte|0.74183|7
95|Rister|0.74074|2
96|Dong|0.74050|45
97|HARMA|0.73709|18
98|HCMUT_KHDL_WEAR|0.72210|134
99|Yash Gurjar|0.72114|12